type,name,city,address,x,y
寺廟,善主公廟,臺南市,臺南市白河區番子園竹門里13鄰20-17號,0,0
寺廟,鳳儀宮,雲林縣,雲林縣莿桐鄉南安路36號,0,0
寺廟,南天聖道院,嘉義縣,嘉義縣鹿草鄉馬稠後豐稠村6鄰4之1號,0,0
寺廟,無極山寺,花蓮縣,花蓮縣瑞穗鄉瑞祥瑞村11鄰49號,0,0
寺廟,萬善爺廟,雲林縣,雲林縣口湖鄉下崙村下寮路70之6號,0,0
寺廟,東山鎮興廟,彰化縣,彰化縣員林市南東里山腳路四段30號,0,0
寺廟,寶光紹興濟德講堂,雲林縣,雲林縣斗南鎮東明里成功路39之6號,0,0
寺廟,城南府,雲林縣,雲林縣土庫鎮頂寮崙內里路10之6號,0,0
寺廟,萬姓公,彰化縣,彰化縣芬園鄉社口村仁愛街87號,0,0
寺廟,屏東都城隍廟,屏東縣,屏東縣屏東市南昌路12號,0,0
寺廟,蜩鳴宮,澎湖縣,澎湖縣白沙鄉小赤崁村2鄰11-1號,0,0
寺廟,盤古開基殿,臺中市,臺中市大里區瓦瑤路40號,4.82797877339181E-05,0.000488162273541093
寺廟,玄天上帝廟,連江縣,連江縣莒光鄉大埔石刻旁,0,0
寺廟,彌陀寺,花蓮縣,花蓮縣玉里鎮泰昌里民權路68號,0,0
寺廟,內寮村萬應媽廟,屏東縣,屏東縣枋寮鄉北勢寮段460號,0.000160932628205046,1.07288415165385E-05
寺廟,保安宮,臺中市,臺中市梧棲區中正里臨海路36號,0,0
寺廟,黃將軍廟,金門縣,金門縣烈嶼鄉羅厝林湖村,0,0
寺廟,觀音湖福德殿,高雄市,高雄市仁武區觀音湖段1063地號,0.000343322928529233,0.000107288411527406
寺廟,普天宮,雲林縣,雲林縣四湖鄉箔東村118之1號,0,0
寺廟,北城順清宮,新北市,新北市萬里區磺潭里清水路20號,2.68102189693309E-06,8.04544288257603E-06
寺廟,萬里里成功新邨福德宮,新北市,新北市萬里區萬里里成功新村環河路旁,-3.48675457644276E-05,-0.000107288411527406
寺廟,五鶴山五穀宮,苗栗縣,苗栗縣公館鄉玉穀村1鄰11號,0,0
寺廟,雙忠廟,金門縣,金門縣金寧鄉埔後湖埔村1號,0,0
寺廟,慈安宮,嘉義縣,嘉義縣竹崎鄉柑仔宅光華村5鄰23之1號,0,0
寺廟,港龍宮,高雄市,高雄市林園區港埔里港埔路42號,0.00224232790060341,0.00133037636987865
寺廟,台中市成興宮,臺中市,臺中市南屯區中和巷11號,0.000691366905812174,0.00021457664843183
寺廟,清泉寺,苗栗縣,苗栗縣造橋鄉小鼓坑談文村10鄰8號,0,0
寺廟,九湖武聖廟,苗栗縣,苗栗縣銅鑼鄉九湖2鄰15號,0,0
寺廟,北極宮慈法堂,彰化縣,彰化縣員林市東北里山腳路六段254巷262號,0,0
寺廟,烈女廟,金門縣,金門縣烈嶼鄉青岐上岐村80之2號,0,0
寺廟,關聖太子廟,金門縣,金門縣烈嶼鄉青岐上岐村41號,0,0
寺廟,番子崙義聖公廟,屏東縣,屏東縣枋寮鄉番仔崙段,0.000236034495173953,1.07288396975491E-05
寺廟,天成佛殿,金門縣,金門縣金湖鎮溪邊溪湖里80-2號,0,0
寺廟,財團法人竹南鎮鎮安宮,苗栗縣,苗栗縣竹南鎮塭仔頭港墘里13鄰16號,0,0
寺廟,北玄宮,雲林縣,雲林縣麥寮鄉沙崙後崙後村6鄰141號,0,0
寺廟,田府廟,金門縣,金門縣烈嶼鄉西吳西口村1號,0,0
寺廟,慈德宮,金門縣,金門縣金沙鎮安美村西浦頭77-1號,0,0
寺廟,保安殿,金門縣,金門縣金沙鎮何厝何斗里51-1號,0,0
寺廟,塩埕保安宮,臺南市,臺南市南區鹽埕路291巷32弄61號,0,0
寺廟,福聚淨寺,彰化縣,彰化縣員林市林厝里山腳路一段坡姜巷379弄219號,0,0
寺廟,永天聖道寶禪院,花蓮縣,花蓮縣吉安鄉南海10街142號,0,0
寺廟,聖懿普庵堂,臺南市,臺南市安定區新吉新吉里58-12號,0,0
寺廟,明光寺,苗栗縣,苗栗縣頭份市新屋家民生里2鄰74號,0,0
寺廟,高雄市大坪頂正成宮,高雄市,高雄市小港區高坪38街32號,0,0
寺廟,保安宮,彰化縣,彰化縣田中鎮復興里山腳路四段253巷32號,-1.07240875877324E-05,2.68102189693309E-06
寺廟,馬光南天宮,雲林縣,雲林縣土庫鎮新光東平里36號,0,0
寺廟,南安宮,臺南市,臺南市安定區油車南安里1號之1,0,0
寺廟,閭山宮,雲林縣,雲林縣麥寮鄉中山麥津村路200巷80號,0,0
寺廟,青龍寺,屏東縣,屏東縣車城鄉內埔溫泉村路40之1號,0,0
寺廟,天化宮,彰化縣,彰化縣員林市振興里山腳路二段600號,0,0
寺廟,聚源廟,金門縣,金門縣金沙鎮陽翟光前里12號,0,0
寺廟,鎮隆宮,屏東縣,屏東縣屏東市永安里互助街35巷16號,0,0
寺廟,妙香寺,金門縣,金門縣金湖鎮西埔蓮庵里,0,0
寺廟,指雲宮,新北市,新北市瑞芳區龍潭里15鄰岳王路240號,0,0
寺廟,北嶽廟,金門縣,金門縣金沙鎮山西三山里99號,0,0
寺廟,西佛寺,嘉義縣,嘉義縣大埔鄉草嶺西興村5號之10號,0,0
寺廟,福德爺廟,雲林縣,雲林縣西螺鎮頂湳段1049之1號,0,0
寺廟,靈天禪寺,苗栗縣,苗栗縣造橋鄉新庄仔龍昇村10鄰12號,0,0
寺廟,聖安宮,雲林縣,雲林縣土庫鎮崙內里5鄰路30之6號,0,0
寺廟,媽祖廟,臺南市,臺南市大內區頭社頭社里17鄰311號,0,0
寺廟,法華寺,苗栗縣,苗栗縣三灣鄉九份寮永和村2鄰46號,0,0
寺廟,聖帝宮,雲林縣,雲林縣麥寮鄉山寮興華村15號之10,0,0
寺廟,保安宮,臺南市,臺南市安南區長和街三段96號,0,0
寺廟,薛安宮,雲林縣,雲林縣臺西鄉三和富琦村15鄰18-6號,0,0
寺廟,護國宮,雲林縣,雲林縣斗南鎮港墘新崙里38號,0,0
寺廟,代天廟,金門縣,金門縣金寧鄉埔邊湖埔村,0,0
寺廟,慈山聖善王母宮,新竹縣,新竹縣新埔鎮大平窩北平里9鄰106號,0,0
寺廟,五指山灶君堂,新竹縣,新竹縣北埔鄉六股外坪村8鄰11之12號,0,0
寺廟,金山道殿,金門縣,金門縣金沙鎮青嶼官嶼里58號,0,0
寺廟,路上厝觀音亭,彰化縣,彰化縣芳苑鄉路平村上林路路上段臨336-1號,0.00178098771721125,6.43730454612523E-05
寺廟,普賢道場,新竹縣,新竹縣峨眉鄉十寮坑湖光村11鄰32-1號,0,0
寺廟,鶯山廟,金門縣,金門縣金沙鎮呂厝浦山里39號,0,0
寺廟,伍德宮,金門縣,金門縣金湖鎮新頭新湖里200號,0,0
寺廟,財團法人台灣省台南市湛然寺,臺南市,臺南市中西區忠義二段38巷8號,0,0
寺廟,玉里福德宮,花蓮縣,花蓮縣玉里鎮大禹里中華路興國路口,0,0
寺廟,心眼道場,苗栗縣,苗栗縣苗栗市龍岡新川里6號,0,0
寺廟,關帝廟,金門縣,金門縣烈嶼鄉黃厝黃埔村,0,0
寺廟,振興宮,雲林縣,雲林縣土庫鎮秀潭奮起里166號,0,0
寺廟,大眾祠,雲林縣,雲林縣斗南鎮小東段877號,0,0
寺廟,天師宮,金門縣,金門縣烈嶼鄉青岐上岐村113-1號,0,0
寺廟,普濟寺,金門縣,金門縣金沙鎮后宅浦山里40-1號,0,0
寺廟,高雄東照山關帝廟,高雄市,高雄市大樹區小坪里忠義路1號,0,0
寺廟,鏡山岩,金門縣,金門縣金湖鎮小徑瓊林里39號,0,0
寺廟,天師宮,金門縣,金門縣烈嶼鄉庵頂黃埔村,0,0
寺廟,太子廟,臺南市,臺南市山上區卓猴平陽里5鄰4號,0,0
寺廟,財團法人佛教十方學舍,彰化縣,彰化縣二林鎮華崙里文明路60號,0,0
寺廟,臺安宮,桃園市,桃園市大園區許厝港南港村4鄰103-41號,0,0
寺廟,高府元帥廟,高雄市,高雄市阿蓮區中正141巷41弄12號,0,0
寺廟,朝元宮,高雄市,高雄市內門區新生永吉里18號,0,0
寺廟,保靈殿,金門縣,金門縣金寧鄉古寧頭南山,0,0
寺廟,鎮安宮,雲林縣,雲林縣二崙鄉洲子庄西村11鄰51號,0,0
寺廟,萬應公,金門縣,金門縣金寧鄉湖下湖埔村海堤旁,0,0
寺廟,吳保殿,金門縣,金門縣金寧鄉湖南安美村,0,0
寺廟,道聖堂,屏東縣,屏東縣高樹鄉日新鹽樹村路1號,0,0
寺廟,鎮安宮,臺南市,臺南市安南區鹽安路30路,0,0
寺廟,臺南華光堂,臺南市,臺南市東區崇德6街18號,0,0
寺廟,趙大王廟,連江縣,連江縣莒光鄉西坵坤坵港旁,0,0
寺廟,無極玉宸宮,雲林縣,雲林縣土庫鎮頂寮崙內里56之11號,0,0
寺廟,仁愛慈惠宮,臺中市,臺中市大里區成功2路120巷16弄41號,2.68102189693309E-06,1.07288415165385E-05
寺廟,福陽宮,苗栗縣,苗栗縣造橋鄉海埔仔朝陽村9鄰24之4號,0,0
寺廟,保安殿,金門縣,金門縣金寧鄉頂埔下湖埔村,0,0
寺廟,昭靈宮,金門縣,金門縣金沙鎮碧山三山里38號,0,0
寺廟,萬聖宮,金門縣,金門縣烈嶼鄉楊厝上岐村福上山段,0,0
寺廟,保生大帝廟,金門縣,金門縣烈嶼鄉上庫上岐村3-1號,0,0
寺廟,龍塘古廟,金門縣,金門縣金寧鄉安岐安美村80-5號,0,0
寺廟,先農廟,金門縣,金門縣金寧鄉北山古寧村177-1號,0,0
寺廟,大道宮,金門縣,金門縣金城鎮珠山珠沙里66號,0,0
寺廟,金龍寺,高雄市,高雄市內門區吉民金竹里47-2號,0,0
寺廟,勇伯公宮,金門縣,金門縣金城鎮前水頭金水里,0,0
寺廟,宏善堂,苗栗縣,苗栗縣銅鑼鄉朝北朝陽村4鄰47號,0,0
寺廟,金榮殿,金門縣,金門縣金沙鎮中蘭何斗里9號之1,0,0
寺廟,威靈殿,金門縣,金門縣金寧鄉中堡安美村,0,0
寺廟,朝南宮,彰化縣,彰化縣埔心鄉新館村新館路234號,0,0
寺廟,港豐宮,屏東縣,屏東縣滿州鄉,0,0
寺廟,聖玄宮,雲林縣,雲林縣林內鄉中興林茂村中興19之1號,0.00108146702405065,0.000660896708723158
寺廟,修文殿,金門縣,金門縣金城鎮山前賢庵里20號,0,0
寺廟,永鎮宮,臺南市,臺南市安南區鹽田6街26號,0,0
寺廟,寶靈殿,金門縣,金門縣金寧鄉中堡安美村,0,0
寺廟,無極玄聖宮,苗栗縣,苗栗縣苑裡鎮城南里4鄰51之1號,0,0
寺廟,進雄宮,雲林縣,雲林縣林內鄉烏塗村8鄰48之6號,0.000163078206242062,0.00016307839541696
寺廟,開元玉旨寺,桃園市,桃園市龜山區馬頭厝15鄰11號,0,0
寺廟,靈山聖道院,屏東縣,屏東縣車城鄉內埔溫泉村38-6號,0,0
寺廟,成德堂,雲林縣,雲林縣麥寮鄉光大寮麥豐村5鄰41號,0,0
寺廟,雙吉宮,南投縣,南投縣埔里鎮雙吉路8之1號,0,0
寺廟,三慈濟普道寺,雲林縣,雲林縣二崙鄉田寮安定村130號,0,0
寺廟,保安宮,雲林縣,雲林縣大埤鄉妮姑庵南和村,0,0
寺廟,佛頂山朝聖寺,臺南市,臺南市左鎮區菜寮榮和里106之1號,0,0
寺廟,慈湖寺,新北市,新北市萬里區雙興里太和路10號之1,0,0
寺廟,萬善公祠,雲林縣,雲林縣林內鄉九芎村大同路22鄰15之1號,0.000154495253809728,0.000188827514648438
寺廟,萬善公祠,苗栗縣,苗栗縣竹南鎮崁頂新南里24鄰58之22號,0,0
寺廟,慈聖堂,雲林縣,雲林縣虎尾鎮下南延平里45之1號,0,0
寺廟,鎮平福德祠,彰化縣,彰化縣田尾鄉和平段691之2號,0,0
寺廟,久長安宮,彰化縣,彰化縣彰化市寶廓里寶廓路140號,0,0
寺廟,五權村福德宮,桃園市,桃園市大園區下埔五權村4鄰47-3號,0,0
寺廟,南瑤宮,彰化縣,彰化縣彰化市南瑤里南瑤路43號,0,0
寺廟,南衡宮,苗栗縣,苗栗縣獅潭鄉北庄獅潭村竹木村5鄰28號,1.79169819602976E-05,1.78099162440049E-05
寺廟,棲堂廟,金門縣,金門縣金沙鎮東珩光前里15號,0,0
寺廟,鎮南宮,金門縣,金門縣金寧鄉后沙后盤村8-8號,0,0
寺廟,福德祠,屏東縣,屏東縣萬丹鄉灣內段962號,0,0
寺廟,忠仁廟,金門縣,金門縣烈嶼鄉西宅林湖村26號,0,0
寺廟,新興宮,雲林縣,雲林縣四湖鄉中興三姓村18之1號,0,0
寺廟,靝龍堂,桃園市,桃園市大園區許厝港南港村3鄰85-1號,0,0
寺廟,雙忠廟,金門縣,金門縣金寧鄉湖下湖埔村4號,0,0
寺廟,嘉長宮,南投縣,南投縣草屯鎮加老里加老東路68號https://rhttpeligion.moi.gov.tw/Religion,-0.0008046631119214,-0.00285387202166021
寺廟,靖海堂,金門縣,金門縣金沙鎮斗門何斗里35-2號,0,0
寺廟,大士宮,金門縣,金門縣金沙鎮沙美汶沙里186號,0,0
寺廟,蓮法宮,金門縣,金門縣金沙鎮浦邊浦山里25-1號,0,0
寺廟,奉山龍鳳堂,嘉義縣,嘉義縣新港鄉南港南港村8鄰185之1號,0,0
寺廟,仙鶴寺,金門縣,金門縣金湖鎮成功正義里116-1號,0,0
寺廟,保安宮,雲林縣,雲林縣水林鄉溪墘4鄰33號,0,0
寺廟,真武殿,金門縣,金門縣金寧鄉北山古寧村113號,0,0
寺廟,威靈宮,金門縣,金門縣金寧鄉北山古寧村185-1號,0,0
寺廟,福德宮,雲林縣,雲林縣林內鄉烏塗村22之5號,0.00139904103707522,0.000600814877543598
寺廟,福德祠,新竹縣,新竹縣新埔鎮第一市場新埔里和平街,0,0
寺廟,福靈宮,屏東縣,屏東縣新園鄉新園段582號,7.51018887967803E-05,1.07288415165385E-05
寺廟,閩南臺澎玉皇宮,澎湖縣,澎湖縣湖西鄉果葉村110-12號,0,0
寺廟,天峘聖堂,臺南市,臺南市南化區十化里14鄰293號,0,0
寺廟,文朱殿,臺南市,臺南市安平區效忠街63號,0,0
寺廟,北極殿,澎湖縣,澎湖縣湖西鄉果葉村1號,0,0
寺廟,三和三元宮,桃園市,桃園市龍潭區直坑三和村10鄰21號,0,0
寺廟,宣化堂,高雄市,高雄市旗山區廟前街28號,1.07288415165385E-05,1.07288415165385E-05
寺廟,法明禪寺修平靈堂,花蓮縣,花蓮縣吉安鄉仁安村海濱路135號,0,0
寺廟,安南宮,雲林縣,雲林縣臺西鄉成功牛厝村20鄰路178號,0,0
寺廟,協志宮,花蓮縣,花蓮縣壽豐鄉路內志學村13號,0,0
寺廟,鏜元府,雲林縣,雲林縣水林鄉尖山腳27號,3.21865227306262E-05,5.36442057637032E-05
寺廟,廣澤宮,苗栗縣,苗栗縣竹南鎮下街仔開元里8鄰37之3號,0,0
寺廟,護安宮,金門縣,金門縣金湖鎮庵邊蓮庵里35號,0,0
寺廟,仁壽宮,高雄市,高雄市楠梓區大學26街716號,0,0
寺廟,明聖宮,彰化縣,彰化縣員林市坡姜巷246弄110號,0.00475287670269608,1.07288415165385E-05
寺廟,開基福德祠,苗栗縣,苗栗縣銅鑼鄉東田洋銅鑼村20鄰,0,0
寺廟,台中汨音寺,臺中市,臺中市南屯區同安南巷12號,7.15611895429902E-05,1.20164140753332E-05
寺廟,龍天宮,新竹縣,新竹縣橫山鄉十分寮力行村5鄰74號,0,0
寺廟,萬善祠(新鳳村),新竹縣,新竹縣芎林鄉燥坑新鳳村9鄰1之1號,0,0
寺廟,張公聖君廟,高雄市,高雄市內門區廣興溝坪里23~6號,0,0
寺廟,忠烈祠,金門縣,金門縣金寧鄉北山古寧頭,0,0
寺廟,寶平寺,苗栗縣,苗栗縣頭份市藤坪濫坑里4鄰42號,0,0
寺廟,楊府廟,屏東縣,屏東縣枋寮鄉東山路,4.29153697041329E-05,1.07288396975491E-05
寺廟,慶和宮,臺南市,臺南市安南區長和街一段845巷56弄6號,0,0
寺廟,鎮南宮,金門縣,金門縣金寧鄉南山古寧頭,0,0
寺廟,中正里福德祀,苗栗縣,苗栗縣苑裡鎮中正里13鄰,8.90544924914138E-06,8.0466314102523E-05
寺廟,拱福宮,金門縣,金門縣烈嶼鄉雙口西口村14-1號,0,0
寺廟,龍洲宮,苗栗縣,苗栗縣竹南鎮青草崎頂里1鄰8-13號,0,0
寺廟,精忠龍德宮,桃園市,桃園市龜山區光峰精忠村光峰路111巷26號,0,0
寺廟,福德慈濟宮,屏東縣,屏東縣萬丹鄉磚寮村5鄰,0.00262856623157859,0.00113725720439106
寺廟,旭安府,雲林縣,雲林縣臺西鄉三姓蚊港村85之2號,0,0
寺廟,明德聖堂,嘉義縣,嘉義縣水上鄉大堀尾大堀村2鄰12之12號,0,0
寺廟,加投福德宮,新北市,新北市萬里區大鵬里萬里加投45號前方50公尺路旁,-1.87671539606526E-05,-5.36442075826926E-06
寺廟,天賜佛院,苗栗縣,苗栗縣造橋鄉阿義埤豐湖村11鄰8之2號,2.49983841058565E-05,1.66297377290903E-05
寺廟,代安宮,雲林縣,雲林縣臺西鄉萬興和豐村路88號,0,0
寺廟,山知崙奉天宮,嘉義縣,嘉義縣竹崎鄉山知崙義隆村4鄰27之9號,0,0
寺廟,包青天廟,雲林縣,雲林縣虎尾鎮大屯東屯里,0,0
寺廟,福德廟,宜蘭縣,宜蘭縣冬山鄉冬山鄉南興村南興路22號,0,0
寺廟,神農宮,高雄市,高雄市內門區夏梅林內東里4鄰3-1號,0,0
寺廟,靈法寺,澎湖縣,澎湖縣湖西鄉果葉村161號,0,0
寺廟,龍慶宮,澎湖縣,澎湖縣西嶼鄉后螺合界村1號,0,0
寺廟,開復廟,雲林縣,雲林縣林內鄉林南村成功路48號,3.43320971296635E-05,5.14984712935984E-05
寺廟,城隍廟,高雄市,高雄市茄萣區萬福里16鄰福德路280號,9.65595827437937E-05,0.000203848001547158
寺廟,龍德城隍爺廟,宜蘭縣,宜蘭縣蘇澳鎮龍德里蘇濱路3段105號,7.51018887967803E-05,0.000386238301871344
寺廟,環江宮,金門縣,金門縣金沙鎮大地大洋里24號,0,0
寺廟,張公宮,金門縣,金門縣金城鎮金門城古城里東門,0,0
寺廟,關聖帝君廟,南投縣,南投縣南投市振興巷振興里29弄18號,0,0
寺廟,溫靈宮,苗栗縣,苗栗縣竹南鎮塭仔頭港墘里13鄰1之26號,1.79169819602976E-05,1.78099162440049E-05
寺廟,泰安殿,雲林縣,雲林縣大埤鄉頂埤三結村10號,0,0
寺廟,玉窩堂,臺南市,臺南市東區立德8路3巷36號,0,0
寺廟,忠義廟,金門縣,金門縣金寧鄉東堡安美村33號,0,0
寺廟,永安宮,雲林縣,雲林縣林內鄉永安烏麻村3鄰69之1號,0.000214576793950982,0.000150203806697391
寺廟,順天宮,彰化縣,彰化縣田中鎮平和里山腳路五段246號,0,0
寺廟,鎮東宮,金門縣,金門縣金寧鄉北山古寧頭,0,0
寺廟,廣玄宮,金門縣,金門縣金寧鄉仁愛新村133號1樓,0,0
寺廟,靈山聖地北靈宮,桃園市,桃園市龜山區大青坑龍壽村17鄰12之1號,0,0
寺廟,聚東宮,雲林縣,雲林縣臺西鄉萬興和豐村33鄰46之26號,0,0
寺廟,建安宮,屏東縣,屏東縣東港鎮下部里下部路135號,0,0
寺廟,明新堂,苗栗縣,苗栗縣銅鑼鄉東田洋銅鑼村22鄰35號,0,0
寺廟,真武廟,金門縣,金門縣烈嶼鄉下田西口村4號,0,0
寺廟,保安公廟,雲林縣,雲林縣臺西鄉三姓蚊港村寮,0,0
寺廟,鎮東宮,雲林縣,雲林縣麥寮鄉中山麥豐村6鄰路43號,0,0
寺廟,碧湖殿,金門縣,金門縣金湖鎮湖前新湖里,0,0
寺廟,顯靈宮,雲林縣,雲林縣臺西鄉三和富琦村18鄰28-10號,0,0
寺廟,復興寺,雲林縣,雲林縣水林鄉山寮路15之1號,0,0
寺廟,萬勝宮,屏東縣,屏東縣林邊鄉勝利竹林村路16-10號,0,0
寺廟,文昌宮,高雄市,高雄市美濃區龍肚段4248號,0,0
寺廟,福慧山福田寺,新竹縣,新竹縣橫山鄉油羅豐田村7鄰115號,0,0
寺廟,財團法人高雄市鼓壽宮,高雄市,高雄市新興區文衡一路90號,0,0
寺廟,泰安宮,雲林縣,雲林縣大埤鄉嘉興村路30號,1.07288415165385E-05,-0.000107288411527406
寺廟,順聖宮,嘉義縣,嘉義縣水上鄉新厝仔三和村2鄰127之3號,0,0
寺廟,延平震天宮,雲林縣,雲林縣虎尾鎮下南延平里4鄰12號,0,0
寺廟,滄龍宮,金門縣,金門縣金湖鎮東村蓮庵里,0,0
寺廟,聚賢禪寺,新竹縣,新竹縣新埔鎮大北坑新北里8鄰28之1號,0,0
寺廟,真武宮,雲林縣,雲林縣大埤鄉豐興嘉興村12號,0,0
寺廟,順境宮,金門縣,金門縣金湖鎮溪邊溪湖里1號,0,0
寺廟,禪和宮,雲林縣,雲林縣二崙鄉公館庄西村路15之1號,0,0
寺廟,欽月殿,金門縣,金門縣金湖鎮復國墩溪湖里,0,0
寺廟,威武廟,屏東縣,屏東縣高樹鄉自強鹽樹村路106-8號,0,0
寺廟,福德宮,金門縣,金門縣金沙鎮斗門何斗里1-3號,0,0
寺廟,泰山廟,金門縣,金門縣金沙鎮田埔大洋里9號,0,0
寺廟,財團法人台灣省新竹縣褒忠亭,新竹縣,新竹縣新埔鎮新竹縣新埔鎮下寮里8鄰義民路三段360號,0,0
寺廟,天宮壇,臺南市,臺南市安平區漁河路121號,0.000178796239197254,6.75380360917188E-05
寺廟,福德祠,屏東縣,屏東縣長治鄉復興村新興路,0.000321865256410092,7.51018887967803E-05
寺廟,靈龍山宣元寺,苗栗縣,苗栗縣頭份市老崎流東里34號,0,0
寺廟,天文宮,苗栗縣,苗栗縣竹南鎮三角店新南里7鄰31號,0,0
寺廟,龍鳳宮,高雄市,高雄市內門區坑口永興里13號,0,0
寺廟,山南宮,高雄市,高雄市內門區州界內東里13鄰9號,0,0
寺廟,金聖宮,金門縣,金門縣金寧鄉中堡安美村,0,0
寺廟,玉旨三真宮,高雄市,高雄市內門區石車光興里3-6號,0,0
寺廟,代天宮,屏東縣,屏東縣萬丹鄉頂林段189號,0,0
寺廟,慈安宮,苗栗縣,苗栗縣後龍鎮西社新民里15鄰143-4號,0,0
寺廟,黃正公祠,高雄市,高雄市鼓山區迪化街90號,0,0
寺廟,財團法人西螺廣福宮,雲林縣,雲林縣西螺鎮廣福里11鄰新街路32號,0,0
寺廟,順行慈惠堂,苗栗縣,苗栗縣竹南鎮牧場崎頂里2鄰8之20號,0,0
寺廟,三仙宮,苗栗縣,苗栗縣通霄鎮南和梅南里6鄰路二段458號,0,0
寺廟,伍德宮,金門縣,金門縣金寧鄉南山古寧頭,0,0
寺廟,玄德宮,雲林縣,雲林縣林內鄉林中村榮譽路20號,0,0
寺廟,財團法人台灣省新竹縣犁頭山蓮華寺,新竹縣,新竹縣竹北市犁頭山下十興里18鄰39號,0,0
寺廟,財團法人台北市士林神農宮,臺北市,臺北市士林區舊佳里前街74號,0,0
寺廟,財團法人台灣省新竹縣北埔鄉南天山濟化宮,新竹縣,新竹縣北埔鄉小南坑南坑村3鄰1號,0,0
寺廟,天鎮宮,彰化縣,彰化縣和美鎮南佃里彰頂路17號,0,0
寺廟,旗山李安宮,高雄市,高雄市旗山區新東街29號,0,0
寺廟,象德宮,金門縣,金門縣金湖鎮成功里海邊坡,0,0
寺廟,福德正神宮,金門縣,金門縣金湖鎮溪邊溪湖里,0,0
寺廟,金面山福德廟,宜蘭縣,宜蘭縣頭城鎮金面金面里(金面段大金面小段495-6),0,0
寺廟,帥天宮,雲林縣,雲林縣虎尾鎮興中里路133號,0,0
寺廟,至賢宮,彰化縣,彰化縣員林市中央里中央路115巷189號,6.43730454612523E-05,5.36442057637032E-05
寺廟,頭埤福德正神祠,屏東縣,屏東縣內埔鄉新埔段2329號,0,0
寺廟,紫竹林,宜蘭縣,宜蘭縣蘇澳鎮南公路11號,0,0
寺廟,老頭大王廟,連江縣,連江縣莒光鄉大埔石刻旁,0,0
寺廟,光明王寺,高雄市,高雄市內門區頂庄永興里32-3號,0,0
寺廟,北嶽殿,雲林縣,雲林縣麥寮鄉忠和海豐村1鄰路24之7號,0,0
寺廟,正義福德宮,苗栗縣,苗栗縣竹南鎮大坪公義里6鄰16之6號,0,0
寺廟,石巖洞保安堂,新竹縣,新竹縣橫山鄉九讚頭新興村3鄰58號,0,0
寺廟,武玄宮,臺南市,臺南市東區崇明10街70巷6號,0,0
寺廟,慈貞宮,屏東縣,屏東縣林邊鄉林邊小段613-4,0,0
寺廟,內門龍山寺,高雄市,高雄市內門區學子李內門里11鄰9號,0,0
寺廟,天山文衙殿,高雄市,高雄市內門區吉民金竹里1鄰52~10號,0,0
寺廟,保安殿,金門縣,金門縣金寧鄉安岐安美村42-1號,0,0
寺廟,清秀山宮,金門縣,金門縣金湖鎮前埔山外里1號,0,0
寺廟,珩山宮,金門縣,金門縣金湖鎮珩厝瓊林里2號,0,0
寺廟,慈天必生宮,雲林縣,雲林縣大埤鄉中埤三結村路21號,0,0
寺廟,朱府王爺廟,金門縣,金門縣烈嶼鄉青岐上岐村46-1號,0,0
寺廟,雲洞宮,苗栗縣,苗栗縣頭屋鄉三湖鳴鳳村6鄰20號,4.48464779765345E-05,2.69293323071906E-05
寺廟,顯靈宮,金門縣,金門縣烈嶼鄉湖井頭西口村,0,0
寺廟,子和宮,高雄市,高雄市內門區頂庄永興里85號,0,0
寺廟,聚善堂,高雄市,高雄市內門區龍山永富里11號,0,0
寺廟,蓮華精舍,高雄市,高雄市內門區玉門永吉里40號,0,0
寺廟,仙祖宮,金門縣,金門縣烈嶼鄉青岐上岐村3號,0,0
寺廟,龍潭天后宮,高雄市,高雄市內門區龍潭東埔里22號,0,0
寺廟,財團法人台南市道教玉皇玉聖宮,臺南市,臺南市北區和緯路2段372號,0,0
寺廟,福仙宮,嘉義縣,嘉義縣中埔鄉鹽館段232之7號,0,0
寺廟,大使爺廟,嘉義縣,嘉義縣民雄鄉覆鼎金北斗村47號,0.0070810355246067,-0.00291824480518699
寺廟,圓光靜修禪院,新竹縣,新竹縣橫山鄉尖筆窩南昌村1鄰10之1號,0,0
寺廟,龍德寺,雲林縣,雲林縣林內鄉永昌烏麻村160號,0,0
寺廟,順安府,雲林縣,雲林縣臺西鄉復興和豐村路2號,0,0
寺廟,啟源道院,高雄市,高雄市內門區頂庄永興里5鄰16之2號,0,0
寺廟,華陽府,雲林縣,雲林縣臺西鄉光華村路100-1號,0,0
寺廟,財團法人東山寺,屏東縣,屏東縣屏東市永城里修德巷6號,0,0
寺廟,仰雲殿,金門縣,金門縣金城鎮官裡賢庵里,0,0
寺廟,觀音淨苑,苗栗縣,苗栗縣苗栗市大坑新川里4鄰16-13號,0,0
寺廟,朝天宮,高雄市,高雄市內門區二埔三平里4-1號,0,0
寺廟,崁頂朝陽宮,苗栗縣,苗栗縣竹南鎮崁頂新南里14鄰37號,0,0
寺廟,興天宮,高雄市,高雄市內門區廣福溝坪里40號,0,0
寺廟,內門南海紫竹寺,高雄市,高雄市內門區內埔內豐里12鄰82號,0,0
寺廟,埔尾天后宮,高雄市,高雄市內門區埔尾瑞山里1鄰12-1號,0,0
寺廟,福德廟,宜蘭縣,宜蘭縣蘇澳鎮嶺腳路港邊路134-1號旁,0,0
寺廟,觀音亭佛堂,高雄市,高雄市內門區大坑內南里3-5號,0,0
寺廟,廣濟廟,金門縣,金門縣金寧鄉頂堡盤山村128-6號,0,0
寺廟,聖興宮,臺南市,臺南市善化區東勢寮東隆里9鄰215-2號,0,0
寺廟,代天宮,臺南市,臺南市善化區什乃什乃里9鄰81號,0,0
寺廟,聖天宮,苗栗縣,苗栗縣竹南鎮竹南照南里4鄰9號,0,0
寺廟,開帝殿開興堂,臺南市,臺南市東區崇德7街8巷50號,0,0
寺廟,鎮西宮,金門縣,金門縣金寧鄉北山古寧村172-1號,0,0
寺廟,聖母宮,雲林縣,雲林縣東勢鄉媽埔月眉村19鄰20號,0,0
寺廟,福德宮,屏東縣,屏東縣林邊鄉田厝段290-3號,0,0
寺廟,五顯廟,金門縣,金門縣金城鎮歐厝珠沙里2-4號,0,0
寺廟,元天宮,雲林縣,雲林縣水林鄉頂尖山3鄰30號,0.000139474897878245,-0.000354051793692634
寺廟,福興宮,雲林縣,雲林縣水林鄉春埔1鄰62號,1.07288415165385E-05,-0.000118017254862934
寺廟,南清宮,雲林縣,雲林縣臺西鄉溝南永豐村2號,0,0
寺廟,聖汝宮,臺南市,臺南市東區裕和5街211號,0,0
寺廟,三清寶德宮,屏東縣,屏東縣林邊鄉官埔竹林村路11號,0,0
寺廟,三寶山靈嚴講堂,臺南市,臺南市東區裕農1街153號,0,0
寺廟,淨悟堂,屏東縣,屏東縣枋山鄉光復善餘村83之1號,0,0
寺廟,三武宮,新竹縣,新竹縣北埔鄉小南坑南坑村3鄰1之3號,0,0
寺廟,義雲宮,雲林縣,雲林縣土庫鎮新興興新里40號,0,0
寺廟,法化寺,桃園市,桃園市大園區後館圳頭村2鄰25號,0,0
寺廟,無極聖皇宮,苗栗縣,苗栗縣造橋鄉山仔頂龍昇村12鄰21號,0,0
寺廟,悟修堂,彰化縣,彰化縣田中鎮東源里山腳路三段259巷122號,0.000107288411527406,3.21865227306262E-05
寺廟,財團法人台北市臨濟護國禪寺,臺北市,臺北市中山區圓山里玉門街9號,0,0
寺廟,天臺聖宮耀德佛堂,金門縣,金門縣烈嶼鄉東林林湖村1號,0,0
寺廟,郭府宮殿,臺南市,臺南市東區崇明11街52巷11號,0,0
寺廟,東興宮,高雄市,高雄市林園區溪洲里溪洲一路56巷3號,0,0
寺廟,台北五賢宮,桃園市,桃園市龜山區關公嶺龍壽村28鄰7號,0,0
寺廟,財團法人新北市寶山關帝廟,新北市,新北市汐止區里瑞松街204巷23號,0,0
寺廟,西湖宮,高雄市,高雄市田寮區三和里茄苳湖18號,0.0010514265159145,0.00013947494153399
寺廟,大灣玉虛寺,臺南市,臺南市永康區大灣里中灣1街16號,8.58307321323082E-05,4.29153697041329E-05
寺廟,龍華柬化堂,屏東縣,屏東縣枋寮鄉枋寮鄉中寮村保生路6-1號,1.7166212273878E-05,0.000171661304193549
寺廟,雞山宮,金門縣,"金門縣金寧鄉盤山村嚨口 10 號",24.4599990844727,24.4599990844727
寺廟,大覺淨院,桃園市,桃園市楊梅區泰圳路1080巷29號,0.000141621101647615,0.00154066097456962
寺廟,南屏宮,屏東縣,屏東縣屏東市新生里103號,0.000193119194591418,0.000107288396975491
寺廟,天上聖母祠,屏東縣,屏東縣屏東市海豐240號,0.000858307292219251,0.000257492181845009
寺廟,代天宮,屏東縣,屏東縣屏東市擇仁里自由路,0.000171661464264616,6.43730454612523E-05
寺廟,天佛壇,屏東縣,屏東縣屏東市大湖里下柳林50號,8.58307321323082E-05,0.000118017254862934
寺廟,淨蓮寺,屏東縣,屏東縣萬丹鄉社皮村南北路三段46巷85號,0.000557899766135961,9.65595754678361E-05
寺廟,德龍寺,屏東縣,屏東縣內埔鄉興南村西平路390號,0.000182390300324187,0.000203847986995243
寺廟,三清宮,屏東縣,屏東縣獅子鄉古道段,4.29150386480615E-05,8.5829424278927E-06
寺廟,福德宮,屏東縣,屏東縣枋山鄉加祿村嘉和83號,8.58307321323082E-05,4.29153660661541E-05
寺廟,八卦祖師廟,屏東縣,屏東縣枋山鄉中山路3段128-8號,0.000246763345785439,4.29153660661541E-05
寺廟,菩提寺,屏東縣,屏東縣屏東市中柳路316號,0.000675917020998895,0.000107288411527406
寺廟,慈覺堂,屏東縣,屏東縣內埔鄉豐田村華光巷14號,0.0008046631119214,0.000418424810050055
寺廟,柑仔宅北極殿,高雄市,高雄市大社區柑宅巷10-1號,1.07288396975491E-05,2.14576793950982E-05
寺廟,財團法人屏東縣御天宮,屏東縣,屏東縣內埔鄉大旺路375號,0,0
寺廟,中路正成祠,桃園市,桃園市桃園區吉安街217號,7.51018887967803E-05,0.000230670106247999
寺廟,東津莊府千歲祖廟,屏東縣,屏東縣東港鎮船頭里船頭路24-51號附1,1.07288415165385E-05,1.07288415165385E-05
寺廟,財團法人通天聖教,雲林縣,雲林縣古坑鄉雲林縣古坑鄉永光村大湖口59之2號,0,0
寺廟,若禾蓮寺,屏東縣,屏東縣長治鄉下厝街11-12號,0,0
寺廟,樹仔腳南寧宮,新竹市,新竹市香山區新竹市香山區樹下街355號之1,0,0
寺廟,財團法人臺中市臺光道院,臺中市,臺中市潭子區新田里潭興路一段18號,0,0
寺廟,財團法人台中市西屯玉玄宮,臺中市,臺中市西屯區玉寶路161號,0,0
寺廟,旗津開基旗和堂,高雄市,高雄市旗津區復興巷183之46號,0,0
寺廟,財團法人新北市金賢宮,新北市,新北市蘆洲區新北市蘆洲區正義里光榮路120巷15號,0,0
寺廟,財團法人屏東縣道教先天無極玄元大道院,屏東縣,屏東縣高樹鄉舊寮村沿山公路一段415號,1.07288415165385E-05,4.29153660661541E-05
寺廟,東信福德祠,臺中市,臺中市東區東信里東英二街133號,0.00118017301429063,0.000901222694665194
寺廟,臥賢府,高雄市,高雄市內門區觀亭里16鄰中埔頭9之12號,0.000203862247872166,6.69494911562651E-05
寺廟,夏墅聖帝廟,金門縣,金門縣金城鎮夏墅24-2號,0.000944138038903475,5.36442057637032E-05
寺廟,財團法人鄭成功祖廟,臺南市,臺南市中西區忠義路二段36號,0,0
教會,財團法人基督教花蓮錫安堂,花蓮縣,花蓮縣花蓮市中美9街117巷1弄10之1號,0,0
教會,財團法人新北市樹林中華基督教國語禮拜堂,新北市,新北市樹林區啟智街78號,0,0
教會,財團法人基督教全備福音中部教會,臺中市,臺中市南屯區春社東巷2弄3號,0,0
教會,財團法人台灣北區耶和華見證人,桃園市,桃園市新屋區社福路325號,0,0
教會,財團法人新約教會花蓮教會,花蓮縣,花蓮縣花蓮市國富12街17號,0,0
教會,財團法人花蓮縣台灣基督長老教會美港教會,花蓮縣,花蓮縣花蓮市中美2街61號,0,0
教會,財團法人水里教會聚會所,南投縣,南投縣水里鄉北埔村民族街3巷68號,0,0
教會,財團法人台灣省花蓮縣中華基督長老會山宣總會,花蓮縣,花蓮縣秀林鄉秀林村路10之1號,0,0
教會,汶水基督長老教會,苗栗縣,苗栗縣泰安鄉圓墩錦水村4鄰2-1號,0,0
教會,財團法人新北市基督教會福音堂,新北市,新北市五股區德音里登林路64之3號,0,0
教會,中華信義會遵道堂,苗栗縣,苗栗縣通霄鎮南和平元里路1段102號,0,0
教會,大安天主堂,苗栗縣,苗栗縣泰安鄉大安象鼻村6鄰23號,0,0
教會,大安真耶蘇教會,苗栗縣,苗栗縣泰安鄉大安象鼻村5鄰4號,0,0
教會,財團法人中華基督教行道會西湖平安堂,苗栗縣,苗栗縣西湖鄉埔頂東村7-35號,0,0
教會,中興曠野教會,苗栗縣,苗栗縣泰安鄉司馬限中興村4鄰4號,0,0
教會,士林真耶蘇教會,苗栗縣,苗栗縣泰安鄉馬那邦士林村4鄰13-2號,0,0
教會,財團法人台灣省屏東縣高樹鄉基督教會,屏東縣,屏東縣高樹鄉自強鹽樹村路88-1號,0,0
教會,財團法人台灣省台南市天主教鮑思高慈幼會,臺南市,臺南市東區裕農3街1號,0,0
教會,財團法人新北市花園新城教會,新北市,新北市新店區花園新城橘園一路7號,0,0
教會,財團法人桃園市大園教會聚會所,桃園市,桃園市大園區大牛稠大海村8鄰3之17號,0,0
教會,永安真耶蘇教會,苗栗縣,苗栗縣泰安鄉大安象鼻村3鄰41號,0,0
教會,斯瓦細格基督長老教會,苗栗縣,苗栗縣泰安鄉橫龍山錦水村9鄰43號,0,0
教會,財團法人中華基督教台中建德浸信會,臺中市,臺中市東區東橋里進德街200號,0,0
教會,錦水天主堂,苗栗縣,苗栗縣泰安鄉圓墩錦水村6鄰43號,0,0
教會,財團法人台灣省台南市基督教活水基督教會,臺南市,臺南市七股區義合里120號,0,0
教會,財團法人台灣基督長老教會台南大光教會,臺南市,臺南市北區長榮五段378巷25號,0,0
教會,大興神召會,苗栗縣,苗栗縣泰安鄉南灣大興村7鄰11號,0,0
教會,大安神召會,苗栗縣,苗栗縣泰安鄉大安象鼻村6鄰16號,0,0
教會,財團法人基督教瑞豐教會,高雄市,高雄市鼓山區裕豐街90號,0,0
教會,臺灣基督長老教會客家宣教宗會南庄教會,苗栗縣,苗栗縣南庄鄉南庄東村2號,0,0
教會,司馬限基督長老教會,苗栗縣,苗栗縣泰安鄉司馬限中興村5鄰16-2號,0,0
教會,財團法人基督教希望之光會,臺南市,臺南市中西區郡緯街12號,0,0
教會,財團法人台北市基督教會興雅三一堂,臺北市,臺北市信義區西村里永吉路30巷83弄13號,0,0
教會,財團法人台灣省花蓮縣基督教宣教士差會,花蓮縣,花蓮縣花蓮市民權8街1號(轉34戴小姐),0,0
教會,財團法人基督教磐石基督教會,臺南市,臺南市玉井區三和66之21號,0,0
教會,財團法人基督教高雄愛加倍靈糧堂,高雄市,高雄市前金區中山二路505號11樓,0,0
教會,財團法人基督教旗津中洲聖經聖潔會,高雄市,高雄市旗津區高雄市旗津區敦和街24號,0,0
教會,財團法人高雄市基督教高榮教會,高雄市,高雄市左營區榮總路203巷12.16號,0,0
教會,財團法人花蓮耶和華見證人,花蓮縣,花蓮縣光復鄉中正一段295巷1號,0,0
教會,財團法人天主教天使教堂基金會,新竹縣,新竹縣峨眉鄉湖光村十二寮23-2號,0,0
教會,財團法人基督教父之舟國際關懷服務總會,高雄市,"高雄市前金區六合二路107之1 號4樓之34",0,0
教會,財團法人台南福音基督教會,臺南市,臺南市東區台南市東區衛國路19號,0,0
教會,財團法人基督教台灣聖光教會,臺中市,臺中市潭子區勝利13街35號,0,0
教會,臺灣基督長老教會蓬萊基督長老教會,苗栗縣,苗栗縣南庄鄉大湳蓮萊村14鄰20號,0,0
教會,後龍長老教會,苗栗縣,苗栗縣後龍鎮城外南龍里98-1號,0,0
教會,中興天主堂,苗栗縣,苗栗縣泰安鄉長橋中興村3鄰36-1號,0,0
教會,財團法人台中基督的教會,臺中市,臺中市北區陜西東3街41號,0,0
教會,基督教大興新使徒教會,苗栗縣,苗栗縣泰安鄉高熊卡大興村2鄰12號,0,0
教會,努呼路瑪基督長老教會,苗栗縣,苗栗縣泰安鄉大安象鼻村5鄰29-1號,0,0
教會,細道邦基督長老教會,苗栗縣,苗栗縣泰安鄉長橋中興村1鄰13號,0,0
教會,財團法人耶穌基督恩典教會,花蓮縣,花蓮縣新城鄉嘉里三120巷8之1號,0,0
教會,財團法人基督教台東純福音教會,臺東縣,臺東縣臺東市南島大道631號,0,0
教會,財團法人基督教台東博愛浸信會,臺東縣,臺東縣臺東市博愛路11號,0,0
教會,財團法人台灣基督長老教會台南佳里教會,臺南市,臺南市佳里區佳里區中山路158號,0,0
教會,財團法人臺北市和平基督長老教會,臺北市,臺北市大安區和平東路1段183巷9號5樓,0,0
教會,財團法人天主教會高雄教區,高雄市,高雄市苓雅區高雄市苓雅區四維三路125號,0,0
教會,財團法人高雄福音教會,高雄市,高雄市前鎮區少康街32號,0,0
教會,財團法人台中市創欣基督教研究中心,臺中市,臺中市外埔區外埔路775號,0,0
宗祠基金會,財團法人宜蘭縣林永記公廳基金會,宜蘭縣,宜蘭縣羅東鎮新群里月眉街630號,0,0
宗祠基金會,財團法人臺北市葛浦陽堂基金會,臺北市,臺北市中山區臺北市中山區吉林路75號,0,0
宗祠基金會,財團法人九蓮白陽山聖道院基金會,高雄市,高雄市杉林區集來里通仙巷421號,0,0
宗祠,財團法人王氏太原堂,臺北市,臺北市大同區迪化街２段鄰江里243巷2號,0,0
宗祠,財團法人台南市顏公輪宗祠,臺南市,臺南市六甲區台南市六甲區甲南里復興街１１號,0,0
宗祠,財團法人林三勝公廳,臺北市,臺北市大安區敦化南路1段233巷53號,0,0
基金會,財團法人佛光普照基金會,臺北市,臺北市北投區致遠2路95巷4號3樓,0,0
基金會,財團法人臺中市正坤基金會,臺中市,臺中市大里區瑞城1街125巷13號,0,0
基金會,財團法人釋迦牟尼佛活佛基金會,桃園市,桃園市中壢區元化路二段45號10樓,0,0
基金會,財團法人大中華關公基金會,桃園市,桃園市八德區永福街168號,0,0
基金會,財團法人佛教祥恩基金會,彰化縣,彰化縣和美鎮彰新路3段616號2樓,0,0
基金會,財團法人高雄市噶瑪噶舉基金會,高雄市,高雄市苓雅區高雄市苓雅區光華一路226號10F,0,0
基金會,財團法人佛教大願院地藏王廟基金會,高雄市,高雄市旗津區中洲三路2號,0,0
基金會,財團法人台中市基督教富足靈糧堂基金會,臺中市,臺中市大里區大明路391之10號,0,0
基金會,財團法人優缽羅佛教基金會,高雄市,高雄市前金區中華四路282號10樓,0,0
基金會,財團法人佛教淨土院基金會,臺北市,臺北市中山區中山北路3段55巷4號6樓,0,0
基金會,財團法人黃仙在天上聖母基金會,高雄市,高雄市前鎮區漁港南一路15號,0,0
基金會,財團法人福亨佛教文化弘揚基金會,高雄市,高雄市鼓山區裕興路20號,0,0
基金會,財團法人臺灣省臺中市集興宮,臺中市,臺中市中區光復路142號,0,0
基金會,財團法人佛教凡善基金會,彰化縣,彰化縣彰化市崙美路41號1樓,0,0
基金會,財團法人臺中市宏聖佛教基金會,臺中市,臺中市西屯區惠來路三段118號1樓,0,0
基金會,財團法人台中市菩因佛教基金會,臺中市,臺中市西屯區惠來里惠民路8號11樓之2,0,0
基金會,財團法人新北市一貫道發一崇德宗教發展基金會,新北市,新北市中和區圓通路367巷33弄34之6號1樓,0,0
